Sample,0027_XAV_iHMP2_FFA_SM-77FXR,0030_XAV_iHMP2_FFA_SM-6KUCT
Label,CD,CD
73.02799,2742381.138,260846441.6
74.03136,22903.8796,8149290.214
87.04368,19485085,9517513.356
88.04703,652663.6739,287542.3986
89.02297,16564773.34,165532946.5
90.02622,175217.7393,3444361.337
91.05389,132982136.1,7449146.189
92.05724,10414646.83,478931.5643
101.05949,30578949.94,13556551.39
101.05952,43204142.31,1856033.149
102.06287,2113829.108,64600.2385
